row_type,generated_at,subject,subject_total_questions,subject_active_questions,subject_active_ratio_pct,class,area,subarea,difficulty,language,active,count,share_subject_pct
subject_summary,2026-04-20T04:40:07Z,civica,800,800,100.00,,,,,,,,
detail,2026-04-20T04:40:07Z,civica,800,800,100.00,2,ambiente_rispetto_terra,acqua,1,it,1,5,0.62
detail,2026-04-20T04:40:07Z,civica,800,800,100.00,2,ambiente_rispetto_terra,animali,1,it,1,5,0.62
detail,2026-04-20T04:40:07Z,civica,800,800,100.00,2,ambiente_rispetto_terra,energia,1,it,1,5,0.62
detail,2026-04-20T04:40:07Z,civica,800,800,100.00,2,ambiente_rispetto_terra,natura,1,it,1,5,0.62
detail,2026-04-20T04:40:07Z,civica,800,800,100.00,2,ambiente_rispetto_terra,pulizia,1,it,1,5,0.62
detail,2026-04-20T04:40:07Z,civica,800,800,100.00,2,ambiente_rispetto_terra,raccolta_differenziata,1,it,1,5,0.62
detail,2026-04-20T04:40:07Z,civica,800,800,100.00,2,ambiente_rispetto_terra,riciclo,1,it,1,5,0.62
detail,2026-04-20T04:40:07Z,civica,800,800,100.00,2,ambiente_rispetto_terra,riduzione_rifiuti,1,it,1,5,0.62
detail,2026-04-20T04:40:07Z,civica,800,800,100.00,2,ambiente_rispetto_terra,spazi_verdi,1,it,1,5,0.62
detail,2026-04-20T04:40:07Z,civica,800,800,100.00,2,ambiente_rispetto_terra,spreco,1,it,1,5,0.62
detail,2026-04-20T04:40:07Z,civica,800,800,100.00,2,cittadinanza_digitale_online,benessere_digitale,1,it,1,5,0.62
detail,2026-04-20T04:40:07Z,civica,800,800,100.00,2,cittadinanza_digitale_online,contatti_sconosciuti,1,it,1,5,0.62
detail,2026-04-20T04:40:07Z,civica,800,800,100.00,2,cittadinanza_digitale_online,dati_personali,1,it,1,5,0.62
detail,2026-04-20T04:40:07Z,civica,800,800,100.00,2,cittadinanza_digitale_online,gentilezza_online,1,it,1,10,1.25
detail,2026-04-20T04:40:07Z,civica,800,800,100.00,2,cittadinanza_digitale_online,password,1,it,1,5,0.62
detail,2026-04-20T04:40:07Z,civica,800,800,100.00,2,cittadinanza_digitale_online,privacy,1,it,1,5,0.62
detail,2026-04-20T04:40:07Z,civica,800,800,100.00,2,cittadinanza_digitale_online,sicurezza,1,it,1,5,0.62
detail,2026-04-20T04:40:07Z,civica,800,800,100.00,2,cittadinanza_digitale_online,uso_dispositivi,1,it,1,10,1.25
detail,2026-04-20T04:40:07Z,civica,800,800,100.00,2,costituzione_regole_comunita,beni_comuni,1,it,1,5,0.62
detail,2026-04-20T04:40:07Z,civica,800,800,100.00,2,costituzione_regole_comunita,convivenza,1,it,1,5,0.62
detail,2026-04-20T04:40:07Z,civica,800,800,100.00,2,costituzione_regole_comunita,diritti_doveri,1,it,1,5,0.62
detail,2026-04-20T04:40:07Z,civica,800,800,100.00,2,costituzione_regole_comunita,gentilezza,1,it,1,10,1.25
detail,2026-04-20T04:40:07Z,civica,800,800,100.00,2,costituzione_regole_comunita,regole_classe,1,it,1,10,1.25
detail,2026-04-20T04:40:07Z,civica,800,800,100.00,2,costituzione_regole_comunita,regole_comunita,1,it,1,5,0.62
detail,2026-04-20T04:40:07Z,civica,800,800,100.00,2,costituzione_regole_comunita,simboli,1,it,1,5,0.62
detail,2026-04-20T04:40:07Z,civica,800,800,100.00,2,costituzione_regole_comunita,spazi_comuni,1,it,1,5,0.62
detail,2026-04-20T04:40:07Z,civica,800,800,100.00,2,strada_gentilezza_sicurezza,bicicletta,1,it,1,5,0.62
detail,2026-04-20T04:40:07Z,civica,800,800,100.00,2,strada_gentilezza_sicurezza,gentilezza,1,it,1,10,1.25
detail,2026-04-20T04:40:07Z,civica,800,800,100.00,2,strada_gentilezza_sicurezza,mezzi_pubblici,1,it,1,10,1.25
detail,2026-04-20T04:40:07Z,civica,800,800,100.00,2,strada_gentilezza_sicurezza,pedoni,1,it,1,20,2.50
detail,2026-04-20T04:40:07Z,civica,800,800,100.00,2,strada_gentilezza_sicurezza,sicurezza_auto,1,it,1,5,0.62
detail,2026-04-20T04:40:07Z,civica,800,800,100.00,3,ambiente_rispetto_terra,acqua,2,it,1,10,1.25
detail,2026-04-20T04:40:07Z,civica,800,800,100.00,3,ambiente_rispetto_terra,biodiversita,2,it,1,5,0.62
detail,2026-04-20T04:40:07Z,civica,800,800,100.00,3,ambiente_rispetto_terra,energia,2,it,1,5,0.62
detail,2026-04-20T04:40:07Z,civica,800,800,100.00,3,ambiente_rispetto_terra,mobilita_sostenibile,2,it,1,5,0.62
detail,2026-04-20T04:40:07Z,civica,800,800,100.00,3,ambiente_rispetto_terra,orto,2,it,1,5,0.62
detail,2026-04-20T04:40:07Z,civica,800,800,100.00,3,ambiente_rispetto_terra,raccolta_differenziata,2,it,1,10,1.25
detail,2026-04-20T04:40:07Z,civica,800,800,100.00,3,ambiente_rispetto_terra,riduzione_rifiuti,2,it,1,5,0.62
detail,2026-04-20T04:40:07Z,civica,800,800,100.00,3,ambiente_rispetto_terra,rifiuti_speciali,2,it,1,5,0.62
detail,2026-04-20T04:40:07Z,civica,800,800,100.00,3,cittadinanza_digitale_online,benessere_digitale,2,it,1,5,0.62
detail,2026-04-20T04:40:07Z,civica,800,800,100.00,3,cittadinanza_digitale_online,contatti_sconosciuti,2,it,1,5,0.62
detail,2026-04-20T04:40:07Z,civica,800,800,100.00,3,cittadinanza_digitale_online,cyberbullismo,2,it,1,5,0.62
detail,2026-04-20T04:40:07Z,civica,800,800,100.00,3,cittadinanza_digitale_online,dati_personali,2,it,1,5,0.62
detail,2026-04-20T04:40:07Z,civica,800,800,100.00,3,cittadinanza_digitale_online,diritti_online,2,it,1,5,0.62
detail,2026-04-20T04:40:07Z,civica,800,800,100.00,3,cittadinanza_digitale_online,fonti,2,it,1,10,1.25
detail,2026-04-20T04:40:07Z,civica,800,800,100.00,3,cittadinanza_digitale_online,netiquette,2,it,1,5,0.62
detail,2026-04-20T04:40:07Z,civica,800,800,100.00,3,cittadinanza_digitale_online,privacy,2,it,1,5,0.62
detail,2026-04-20T04:40:07Z,civica,800,800,100.00,3,cittadinanza_digitale_online,sicurezza,2,it,1,5,0.62
detail,2026-04-20T04:40:07Z,civica,800,800,100.00,3,costituzione_regole_comunita,beni_comuni,2,it,1,10,1.25
detail,2026-04-20T04:40:07Z,civica,800,800,100.00,3,costituzione_regole_comunita,convivenza,2,it,1,5,0.62
detail,2026-04-20T04:40:07Z,civica,800,800,100.00,3,costituzione_regole_comunita,costituzione_valori,2,it,1,5,0.62
detail,2026-04-20T04:40:07Z,civica,800,800,100.00,3,costituzione_regole_comunita,istituzioni_locali,2,it,1,5,0.62
detail,2026-04-20T04:40:07Z,civica,800,800,100.00,3,costituzione_regole_comunita,legalita,2,it,1,5,0.62
detail,2026-04-20T04:40:07Z,civica,800,800,100.00,3,costituzione_regole_comunita,partecipazione,2,it,1,5,0.62
detail,2026-04-20T04:40:07Z,civica,800,800,100.00,3,costituzione_regole_comunita,regole_comunita,2,it,1,5,0.62
detail,2026-04-20T04:40:07Z,civica,800,800,100.00,3,costituzione_regole_comunita,responsabilita,2,it,1,5,0.62
detail,2026-04-20T04:40:07Z,civica,800,800,100.00,3,costituzione_regole_comunita,solidarieta,2,it,1,5,0.62
detail,2026-04-20T04:40:07Z,civica,800,800,100.00,3,strada_gentilezza_sicurezza,bicicletta,2,it,1,5,0.62
detail,2026-04-20T04:40:07Z,civica,800,800,100.00,3,strada_gentilezza_sicurezza,gentilezza,2,it,1,10,1.25
detail,2026-04-20T04:40:07Z,civica,800,800,100.00,3,strada_gentilezza_sicurezza,mezzi_pubblici,2,it,1,5,0.62
detail,2026-04-20T04:40:07Z,civica,800,800,100.00,3,strada_gentilezza_sicurezza,pedoni,2,it,1,5,0.62
detail,2026-04-20T04:40:07Z,civica,800,800,100.00,3,strada_gentilezza_sicurezza,segnali,2,it,1,5,0.62
detail,2026-04-20T04:40:07Z,civica,800,800,100.00,3,strada_gentilezza_sicurezza,sicurezza_auto,2,it,1,10,1.25
detail,2026-04-20T04:40:07Z,civica,800,800,100.00,3,strada_gentilezza_sicurezza,sicurezza_stradale,2,it,1,10,1.25
detail,2026-04-20T04:40:07Z,civica,800,800,100.00,4,ambiente_rispetto_terra,biodiversita,3,it,1,5,0.62
detail,2026-04-20T04:40:07Z,civica,800,800,100.00,4,ambiente_rispetto_terra,cittadinanza_attiva,3,it,1,5,0.62
detail,2026-04-20T04:40:07Z,civica,800,800,100.00,4,ambiente_rispetto_terra,consumo_responsabile,3,it,1,10,1.25
detail,2026-04-20T04:40:07Z,civica,800,800,100.00,4,ambiente_rispetto_terra,inquinamento,3,it,1,5,0.62
detail,2026-04-20T04:40:07Z,civica,800,800,100.00,4,ambiente_rispetto_terra,mobilita_sostenibile,3,it,1,5,0.62
detail,2026-04-20T04:40:07Z,civica,800,800,100.00,4,ambiente_rispetto_terra,riciclo,3,it,1,5,0.62
detail,2026-04-20T04:40:07Z,civica,800,800,100.00,4,ambiente_rispetto_terra,rifiuti_speciali,3,it,1,5,0.62
detail,2026-04-20T04:40:07Z,civica,800,800,100.00,4,ambiente_rispetto_terra,riuso,3,it,1,5,0.62
detail,2026-04-20T04:40:07Z,civica,800,800,100.00,4,ambiente_rispetto_terra,sostenibilita,3,it,1,5,0.62
detail,2026-04-20T04:40:07Z,civica,800,800,100.00,4,cittadinanza_digitale_online,cyberbullismo,3,it,1,5,0.62
detail,2026-04-20T04:40:07Z,civica,800,800,100.00,4,cittadinanza_digitale_online,diritti_online,3,it,1,5,0.62
detail,2026-04-20T04:40:07Z,civica,800,800,100.00,4,cittadinanza_digitale_online,fonti,3,it,1,5,0.62
detail,2026-04-20T04:40:07Z,civica,800,800,100.00,4,cittadinanza_digitale_online,gentilezza_online,3,it,1,5,0.62
detail,2026-04-20T04:40:07Z,civica,800,800,100.00,4,cittadinanza_digitale_online,identita_digitale,3,it,1,5,0.62
detail,2026-04-20T04:40:07Z,civica,800,800,100.00,4,cittadinanza_digitale_online,netiquette,3,it,1,5,0.62
detail,2026-04-20T04:40:07Z,civica,800,800,100.00,4,cittadinanza_digitale_online,password,3,it,1,5,0.62
detail,2026-04-20T04:40:07Z,civica,800,800,100.00,4,cittadinanza_digitale_online,privacy,3,it,1,10,1.25
detail,2026-04-20T04:40:07Z,civica,800,800,100.00,4,cittadinanza_digitale_online,sicurezza,3,it,1,5,0.62
detail,2026-04-20T04:40:07Z,civica,800,800,100.00,4,costituzione_regole_comunita,beni_comuni,3,it,1,5,0.62
detail,2026-04-20T04:40:07Z,civica,800,800,100.00,4,costituzione_regole_comunita,cittadinanza_attiva,3,it,1,5,0.62
detail,2026-04-20T04:40:07Z,civica,800,800,100.00,4,costituzione_regole_comunita,costituzione_valori,3,it,1,10,1.25
detail,2026-04-20T04:40:07Z,civica,800,800,100.00,4,costituzione_regole_comunita,democrazia,3,it,1,5,0.62
detail,2026-04-20T04:40:07Z,civica,800,800,100.00,4,costituzione_regole_comunita,diritti_doveri,3,it,1,5,0.62
detail,2026-04-20T04:40:07Z,civica,800,800,100.00,4,costituzione_regole_comunita,inclusione,3,it,1,5,0.62
detail,2026-04-20T04:40:07Z,civica,800,800,100.00,4,costituzione_regole_comunita,istituzioni_locali,3,it,1,5,0.62
detail,2026-04-20T04:40:07Z,civica,800,800,100.00,4,costituzione_regole_comunita,partecipazione,3,it,1,5,0.62
detail,2026-04-20T04:40:07Z,civica,800,800,100.00,4,costituzione_regole_comunita,solidarieta,3,it,1,5,0.62
detail,2026-04-20T04:40:07Z,civica,800,800,100.00,4,strada_gentilezza_sicurezza,bicicletta,3,it,1,5,0.62
detail,2026-04-20T04:40:07Z,civica,800,800,100.00,4,strada_gentilezza_sicurezza,emergenza,3,it,1,5,0.62
detail,2026-04-20T04:40:07Z,civica,800,800,100.00,4,strada_gentilezza_sicurezza,gentilezza,3,it,1,5,0.62
detail,2026-04-20T04:40:07Z,civica,800,800,100.00,4,strada_gentilezza_sicurezza,mezzi_pubblici,3,it,1,5,0.62
detail,2026-04-20T04:40:07Z,civica,800,800,100.00,4,strada_gentilezza_sicurezza,mobilita_sostenibile,3,it,1,5,0.62
detail,2026-04-20T04:40:07Z,civica,800,800,100.00,4,strada_gentilezza_sicurezza,pedoni,3,it,1,10,1.25
detail,2026-04-20T04:40:07Z,civica,800,800,100.00,4,strada_gentilezza_sicurezza,segnali,3,it,1,10,1.25
detail,2026-04-20T04:40:07Z,civica,800,800,100.00,4,strada_gentilezza_sicurezza,uscita_scuola,3,it,1,5,0.62
detail,2026-04-20T04:40:07Z,civica,800,800,100.00,5,ambiente_rispetto_terra,acqua,4,it,1,5,0.62
detail,2026-04-20T04:40:07Z,civica,800,800,100.00,5,ambiente_rispetto_terra,beni_comuni,4,it,1,5,0.62
detail,2026-04-20T04:40:07Z,civica,800,800,100.00,5,ambiente_rispetto_terra,cittadinanza_attiva,4,it,1,5,0.62
detail,2026-04-20T04:40:07Z,civica,800,800,100.00,5,ambiente_rispetto_terra,energia,4,it,1,5,0.62
detail,2026-04-20T04:40:07Z,civica,800,800,100.00,5,ambiente_rispetto_terra,riciclo,4,it,1,5,0.62
detail,2026-04-20T04:40:07Z,civica,800,800,100.00,5,ambiente_rispetto_terra,riduzione_rifiuti,4,it,1,5,0.62
detail,2026-04-20T04:40:07Z,civica,800,800,100.00,5,ambiente_rispetto_terra,salute_ambiente,4,it,1,5,0.62
detail,2026-04-20T04:40:07Z,civica,800,800,100.00,5,ambiente_rispetto_terra,sostenibilita,4,it,1,15,1.88
detail,2026-04-20T04:40:07Z,civica,800,800,100.00,5,cittadinanza_digitale_online,benessere_digitale,4,it,1,5,0.62
detail,2026-04-20T04:40:07Z,civica,800,800,100.00,5,cittadinanza_digitale_online,cittadinanza_digitale,4,it,1,10,1.25
detail,2026-04-20T04:40:07Z,civica,800,800,100.00,5,cittadinanza_digitale_online,dati_personali,4,it,1,5,0.62
detail,2026-04-20T04:40:07Z,civica,800,800,100.00,5,cittadinanza_digitale_online,fonti,4,it,1,10,1.25
detail,2026-04-20T04:40:07Z,civica,800,800,100.00,5,cittadinanza_digitale_online,identita_digitale,4,it,1,5,0.62
detail,2026-04-20T04:40:07Z,civica,800,800,100.00,5,cittadinanza_digitale_online,password,4,it,1,5,0.62
detail,2026-04-20T04:40:07Z,civica,800,800,100.00,5,cittadinanza_digitale_online,privacy,4,it,1,5,0.62
detail,2026-04-20T04:40:07Z,civica,800,800,100.00,5,cittadinanza_digitale_online,sicurezza,4,it,1,5,0.62
detail,2026-04-20T04:40:07Z,civica,800,800,100.00,5,costituzione_regole_comunita,beni_comuni,4,it,1,5,0.62
detail,2026-04-20T04:40:07Z,civica,800,800,100.00,5,costituzione_regole_comunita,costituzione_valori,4,it,1,5,0.62
detail,2026-04-20T04:40:07Z,civica,800,800,100.00,5,costituzione_regole_comunita,democrazia,4,it,1,5,0.62
detail,2026-04-20T04:40:07Z,civica,800,800,100.00,5,costituzione_regole_comunita,diritti_doveri,4,it,1,5,0.62
detail,2026-04-20T04:40:07Z,civica,800,800,100.00,5,costituzione_regole_comunita,inclusione,4,it,1,5,0.62
detail,2026-04-20T04:40:07Z,civica,800,800,100.00,5,costituzione_regole_comunita,istituzioni_nazionali,4,it,1,10,1.25
detail,2026-04-20T04:40:07Z,civica,800,800,100.00,5,costituzione_regole_comunita,legalita,4,it,1,5,0.62
detail,2026-04-20T04:40:07Z,civica,800,800,100.00,5,costituzione_regole_comunita,simboli,4,it,1,5,0.62
detail,2026-04-20T04:40:07Z,civica,800,800,100.00,5,costituzione_regole_comunita,solidarieta,4,it,1,5,0.62
detail,2026-04-20T04:40:07Z,civica,800,800,100.00,5,strada_gentilezza_sicurezza,gentilezza,4,it,1,10,1.25
detail,2026-04-20T04:40:07Z,civica,800,800,100.00,5,strada_gentilezza_sicurezza,mezzi_pubblici,4,it,1,5,0.62
detail,2026-04-20T04:40:07Z,civica,800,800,100.00,5,strada_gentilezza_sicurezza,pedoni,4,it,1,5,0.62
detail,2026-04-20T04:40:07Z,civica,800,800,100.00,5,strada_gentilezza_sicurezza,sicurezza_stradale,4,it,1,25,3.12
detail,2026-04-20T04:40:07Z,civica,800,800,100.00,5,strada_gentilezza_sicurezza,uscita_scuola,4,it,1,5,0.62
subject_summary,2026-04-20T04:40:07Z,geografia,765,765,100.00,,,,,,,,
detail,2026-04-20T04:40:07Z,geografia,765,765,100.00,2,geo_graficita,legenda_e_simboli,1,it,1,5,0.65
detail,2026-04-20T04:40:07Z,geografia,765,765,100.00,2,geo_graficita,legenda_e_simboli,2,it,1,5,0.65
detail,2026-04-20T04:40:07Z,geografia,765,765,100.00,2,geo_graficita,percorsi,2,it,1,5,0.65
detail,2026-04-20T04:40:07Z,geografia,765,765,100.00,2,geo_graficita,pianta_e_prospettiva_verticale,1,it,1,10,1.31
detail,2026-04-20T04:40:07Z,geografia,765,765,100.00,2,geo_graficita,pianta_legenda_percorsi,2,it,1,20,2.61
detail,2026-04-20T04:40:07Z,geografia,765,765,100.00,2,geo_graficita,riduzione_in_scala_ingenua,2,it,1,5,0.65
detail,2026-04-20T04:40:07Z,geografia,765,765,100.00,2,orientamento,indicatori_topologici,1,it,1,50,6.54
detail,2026-04-20T04:40:07Z,geografia,765,765,100.00,2,orientamento,riferimenti_e_punti_cardinali,1,it,1,10,1.31
detail,2026-04-20T04:40:07Z,geografia,765,765,100.00,2,paesaggio,elementi_antropici,1,it,1,1,0.13
detail,2026-04-20T04:40:07Z,geografia,765,765,100.00,2,paesaggio,elementi_naturali,1,it,1,1,0.13
detail,2026-04-20T04:40:07Z,geografia,765,765,100.00,2,paesaggio,trasformazioni_del_paesaggio,2,it,1,20,2.61
detail,2026-04-20T04:40:07Z,geografia,765,765,100.00,2,sistema_territoriale,funzione_degli_spazi,1,it,1,15,1.96
detail,2026-04-20T04:40:07Z,geografia,765,765,100.00,2,sistema_territoriale,territorio_vicino_e_funzioni,2,it,1,25,3.27
detail,2026-04-20T04:40:07Z,geografia,765,765,100.00,3,orientamento_mappe,lettura_di_mappe_e_carte,2,it,1,30,3.92
detail,2026-04-20T04:40:07Z,geografia,765,765,100.00,3,orientamento_mappe,punti_cardinali_e_carte,1,it,1,20,2.61
detail,2026-04-20T04:40:07Z,geografia,765,765,100.00,3,paesaggi_acqua,fiume_lago_mare,1,it,1,10,1.31
detail,2026-04-20T04:40:07Z,geografia,765,765,100.00,3,paesaggi_acqua,fiume_lago_mare,2,it,1,40,5.23
detail,2026-04-20T04:40:07Z,geografia,765,765,100.00,3,paesaggi_terra,montagna_collina_pianura,1,it,1,10,1.31
detail,2026-04-20T04:40:07Z,geografia,765,765,100.00,3,paesaggi_terra,montagna_collina_pianura,2,it,1,40,5.23
detail,2026-04-20T04:40:07Z,geografia,765,765,100.00,3,territorio_sicurezza,territorio_e_educazione_stradale,1,it,1,10,1.31
detail,2026-04-20T04:40:07Z,geografia,765,765,100.00,3,territorio_sicurezza,territorio_e_educazione_stradale,2,it,1,40,5.23
detail,2026-04-20T04:40:07Z,geografia,765,765,100.00,4,antropico_ambiente,attivita_economiche_e_amministrazione,1,it,1,9,1.18
detail,2026-04-20T04:40:07Z,geografia,765,765,100.00,4,antropico_ambiente,attivita_economiche_e_amministrazione,2,it,1,40,5.23
detail,2026-04-20T04:40:07Z,geografia,765,765,100.00,4,idrografia_clima_italia,fiumi_laghi_mari_vulcani_climi,1,it,1,10,1.31
detail,2026-04-20T04:40:07Z,geografia,765,765,100.00,4,idrografia_clima_italia,fiumi_laghi_mari_vulcani_climi,2,it,1,40,5.23
detail,2026-04-20T04:40:07Z,geografia,765,765,100.00,4,strumenti_orientamento,carte_legenda_scala_coordinate,1,it,1,10,1.31
detail,2026-04-20T04:40:07Z,geografia,765,765,100.00,4,strumenti_orientamento,carte_legenda_scala_coordinate,2,it,1,39,5.10
detail,2026-04-20T04:40:07Z,geografia,765,765,100.00,4,territorio_italiano,morfologia_italiana,1,it,1,10,1.31
detail,2026-04-20T04:40:07Z,geografia,765,765,100.00,4,territorio_italiano,morfologia_italiana,2,it,1,40,5.23
detail,2026-04-20T04:40:07Z,geografia,765,765,100.00,5,geografia_fisica_italia,morfologia_idrografia_coste,1,it,1,10,1.31
detail,2026-04-20T04:40:07Z,geografia,765,765,100.00,5,geografia_fisica_italia,morfologia_idrografia_coste,2,it,1,39,5.10
detail,2026-04-20T04:40:07Z,geografia,765,765,100.00,5,italia_europa,posizione_confini_ue,1,it,1,10,1.31
detail,2026-04-20T04:40:07Z,geografia,765,765,100.00,5,italia_europa,posizione_confini_ue,2,it,1,40,5.23
detail,2026-04-20T04:40:07Z,geografia,765,765,100.00,5,orientamento_carte,carte_tematiche_e_dati,1,it,1,10,1.31
detail,2026-04-20T04:40:07Z,geografia,765,765,100.00,5,orientamento_carte,carte_tematiche_e_dati,2,it,1,40,5.23
detail,2026-04-20T04:40:07Z,geografia,765,765,100.00,5,regioni_antropica,regioni_economia_popolazione_patrimonio,1,it,1,8,1.05
detail,2026-04-20T04:40:07Z,geografia,765,765,100.00,5,regioni_antropica,regioni_economia_popolazione_patrimonio,2,it,1,38,4.97
subject_summary,2026-04-20T04:40:07Z,inglese,334,334,100.00,,,,,,,,
detail,2026-04-20T04:40:07Z,inglese,334,334,100.00,2,animali,lessico_base,1,en,1,5,1.50
detail,2026-04-20T04:40:07Z,inglese,334,334,100.00,2,casa,lessico_base,1,en,1,7,2.10
detail,2026-04-20T04:40:07Z,inglese,334,334,100.00,2,cibo,frasi_semplici,1,en,1,1,0.30
detail,2026-04-20T04:40:07Z,inglese,334,334,100.00,2,cibo,lessico_base,1,en,1,7,2.10
detail,2026-04-20T04:40:07Z,inglese,334,334,100.00,2,colori,lessico_base,1,en,1,8,2.40
detail,2026-04-20T04:40:07Z,inglese,334,334,100.00,2,corpo_umano,lessico_base,1,en,1,5,1.50
detail,2026-04-20T04:40:07Z,inglese,334,334,100.00,2,domande,lessico_base,1,en,1,5,1.50
detail,2026-04-20T04:40:07Z,inglese,334,334,100.00,2,famiglia,lessico_base,1,en,1,3,0.90
detail,2026-04-20T04:40:07Z,inglese,334,334,100.00,2,giorni,lessico_base,1,en,1,3,0.90
detail,2026-04-20T04:40:07Z,inglese,334,334,100.00,2,have_got,lessico_base,1,en,1,7,2.10
detail,2026-04-20T04:40:07Z,inglese,334,334,100.00,2,hobby,lessico_base,1,en,1,4,1.20
detail,2026-04-20T04:40:07Z,inglese,334,334,100.00,2,mesi,lessico_base,1,en,1,4,1.20
detail,2026-04-20T04:40:07Z,inglese,334,334,100.00,2,meteo,lessico_base,1,en,1,3,0.90
detail,2026-04-20T04:40:07Z,inglese,334,334,100.00,2,numeri,lessico_base,1,en,1,4,1.20
detail,2026-04-20T04:40:07Z,inglese,334,334,100.00,2,routine_quotidiana,lessico_base,1,en,1,8,2.40
detail,2026-04-20T04:40:07Z,inglese,334,334,100.00,2,saluti,lessico_base,1,en,1,5,1.50
detail,2026-04-20T04:40:07Z,inglese,334,334,100.00,2,sport,lessico_base,1,en,1,5,1.50
detail,2026-04-20T04:40:07Z,inglese,334,334,100.00,2,to_be,lessico_base,1,en,1,7,2.10
detail,2026-04-20T04:40:07Z,inglese,334,334,100.00,3,animali,frasi_semplici,2,en,1,6,1.80
detail,2026-04-20T04:40:07Z,inglese,334,334,100.00,3,casa,frasi_semplici,2,en,1,7,2.10
detail,2026-04-20T04:40:07Z,inglese,334,334,100.00,3,cibo,frasi_semplici,2,en,1,8,2.40
detail,2026-04-20T04:40:07Z,inglese,334,334,100.00,3,colori,frasi_semplici,2,en,1,3,0.90
detail,2026-04-20T04:40:07Z,inglese,334,334,100.00,3,corpo_umano,frasi_semplici,2,en,1,3,0.90
detail,2026-04-20T04:40:07Z,inglese,334,334,100.00,3,domande,frasi_semplici,2,en,1,7,2.10
detail,2026-04-20T04:40:07Z,inglese,334,334,100.00,3,famiglia,frasi_semplici,2,en,1,4,1.20
detail,2026-04-20T04:40:07Z,inglese,334,334,100.00,3,giorni,frasi_semplici,2,en,1,3,0.90
detail,2026-04-20T04:40:07Z,inglese,334,334,100.00,3,have_got,frasi_semplici,2,en,1,8,2.40
detail,2026-04-20T04:40:07Z,inglese,334,334,100.00,3,hobby,frasi_semplici,2,en,1,3,0.90
detail,2026-04-20T04:40:07Z,inglese,334,334,100.00,3,mesi,frasi_semplici,2,en,1,4,1.20
detail,2026-04-20T04:40:07Z,inglese,334,334,100.00,3,meteo,frasi_semplici,2,en,1,5,1.50
detail,2026-04-20T04:40:07Z,inglese,334,334,100.00,3,numeri,frasi_semplici,2,en,1,5,1.50
detail,2026-04-20T04:40:07Z,inglese,334,334,100.00,3,routine_quotidiana,frasi_semplici,2,en,1,10,2.99
detail,2026-04-20T04:40:07Z,inglese,334,334,100.00,3,saluti,frasi_semplici,2,en,1,5,1.50
detail,2026-04-20T04:40:07Z,inglese,334,334,100.00,3,sport,frasi_semplici,2,en,1,3,0.90
detail,2026-04-20T04:40:07Z,inglese,334,334,100.00,3,to_be,frasi_semplici,2,en,1,8,2.40
detail,2026-04-20T04:40:07Z,inglese,334,334,100.00,4,animali,uso_guidato,3,en,1,5,1.50
detail,2026-04-20T04:40:07Z,inglese,334,334,100.00,4,casa,uso_guidato,3,en,1,8,2.40
detail,2026-04-20T04:40:07Z,inglese,334,334,100.00,4,cibo,uso_guidato,3,en,1,4,1.20
detail,2026-04-20T04:40:07Z,inglese,334,334,100.00,4,colori,uso_guidato,3,en,1,4,1.20
detail,2026-04-20T04:40:07Z,inglese,334,334,100.00,4,corpo_umano,uso_guidato,3,en,1,5,1.50
detail,2026-04-20T04:40:07Z,inglese,334,334,100.00,4,domande,uso_guidato,3,en,1,7,2.10
detail,2026-04-20T04:40:07Z,inglese,334,334,100.00,4,famiglia,uso_guidato,3,en,1,4,1.20
detail,2026-04-20T04:40:07Z,inglese,334,334,100.00,4,giorni,uso_guidato,3,en,1,2,0.60
detail,2026-04-20T04:40:07Z,inglese,334,334,100.00,4,have_got,uso_guidato,3,en,1,7,2.10
detail,2026-04-20T04:40:07Z,inglese,334,334,100.00,4,hobby,uso_guidato,3,en,1,4,1.20
detail,2026-04-20T04:40:07Z,inglese,334,334,100.00,4,mesi,uso_guidato,3,en,1,2,0.60
detail,2026-04-20T04:40:07Z,inglese,334,334,100.00,4,meteo,uso_guidato,3,en,1,3,0.90
detail,2026-04-20T04:40:07Z,inglese,334,334,100.00,4,numeri,uso_guidato,3,en,1,3,0.90
detail,2026-04-20T04:40:07Z,inglese,334,334,100.00,4,routine_quotidiana,uso_guidato,3,en,1,7,2.10
detail,2026-04-20T04:40:07Z,inglese,334,334,100.00,4,saluti,uso_guidato,3,en,1,4,1.20
detail,2026-04-20T04:40:07Z,inglese,334,334,100.00,4,sport,uso_guidato,3,en,1,7,2.10
detail,2026-04-20T04:40:07Z,inglese,334,334,100.00,4,to_be,uso_guidato,3,en,1,9,2.69
detail,2026-04-20T04:40:07Z,inglese,334,334,100.00,5,animali,comprensione_in_contesto,4,en,1,4,1.20
detail,2026-04-20T04:40:07Z,inglese,334,334,100.00,5,casa,comprensione_in_contesto,4,en,1,4,1.20
detail,2026-04-20T04:40:07Z,inglese,334,334,100.00,5,cibo,comprensione_in_contesto,4,en,1,3,0.90
detail,2026-04-20T04:40:07Z,inglese,334,334,100.00,5,colori,comprensione_in_contesto,4,en,1,2,0.60
detail,2026-04-20T04:40:07Z,inglese,334,334,100.00,5,corpo_umano,comprensione_in_contesto,4,en,1,3,0.90
detail,2026-04-20T04:40:07Z,inglese,334,334,100.00,5,domande,comprensione_in_contesto,4,en,1,7,2.10
detail,2026-04-20T04:40:07Z,inglese,334,334,100.00,5,famiglia,comprensione_in_contesto,4,en,1,3,0.90
detail,2026-04-20T04:40:07Z,inglese,334,334,100.00,5,giorni,comprensione_in_contesto,4,en,1,3,0.90
detail,2026-04-20T04:40:07Z,inglese,334,334,100.00,5,have_got,comprensione_in_contesto,4,en,1,3,0.90
detail,2026-04-20T04:40:07Z,inglese,334,334,100.00,5,hobby,comprensione_in_contesto,4,en,1,3,0.90
detail,2026-04-20T04:40:07Z,inglese,334,334,100.00,5,mesi,comprensione_in_contesto,4,en,1,3,0.90
detail,2026-04-20T04:40:07Z,inglese,334,334,100.00,5,meteo,comprensione_in_contesto,4,en,1,2,0.60
detail,2026-04-20T04:40:07Z,inglese,334,334,100.00,5,numeri,comprensione_in_contesto,4,en,1,4,1.20
detail,2026-04-20T04:40:07Z,inglese,334,334,100.00,5,routine_quotidiana,comprensione_in_contesto,4,en,1,6,1.80
detail,2026-04-20T04:40:07Z,inglese,334,334,100.00,5,saluti,comprensione_in_contesto,4,en,1,4,1.20
detail,2026-04-20T04:40:07Z,inglese,334,334,100.00,5,sport,comprensione_in_contesto,4,en,1,5,1.50
detail,2026-04-20T04:40:07Z,inglese,334,334,100.00,5,to_be,comprensione_in_contesto,4,en,1,7,2.10
subject_summary,2026-04-20T04:40:07Z,italiano,110,110,100.00,,,,,,,,
detail,2026-04-20T04:40:07Z,italiano,110,110,100.00,2,italiano_classe2,lessico,1,it,1,3,2.73
detail,2026-04-20T04:40:07Z,italiano,110,110,100.00,2,italiano_classe2,lettura,1,it,1,2,1.82
detail,2026-04-20T04:40:07Z,italiano,110,110,100.00,2,italiano_classe2,morfologia,1,it,1,14,12.73
detail,2026-04-20T04:40:07Z,italiano,110,110,100.00,2,italiano_classe2,ortografia,1,it,1,9,8.18
detail,2026-04-20T04:40:07Z,italiano,110,110,100.00,2,italiano_classe2,ortografia,2,it,1,3,2.73
detail,2026-04-20T04:40:07Z,italiano,110,110,100.00,2,italiano_classe2,scrittura,1,it,1,2,1.82
detail,2026-04-20T04:40:07Z,italiano,110,110,100.00,2,italiano_classe2,sintassi,1,it,1,3,2.73
detail,2026-04-20T04:40:07Z,italiano,110,110,100.00,2,ortografia,alfabeto,1,it,1,7,6.36
detail,2026-04-20T04:40:07Z,italiano,110,110,100.00,3,italiano_classe3,grammatica,1,it,1,5,4.55
detail,2026-04-20T04:40:07Z,italiano,110,110,100.00,3,italiano_classe3,lettura,1,it,1,5,4.55
detail,2026-04-20T04:40:07Z,italiano,110,110,100.00,3,italiano_classe3,ortografia,1,it,1,3,2.73
detail,2026-04-20T04:40:07Z,italiano,110,110,100.00,3,italiano_classe3,scrittura,1,it,1,5,4.55
detail,2026-04-20T04:40:07Z,italiano,110,110,100.00,4,italiano_classe4,grammatica,2,it,1,10,9.09
detail,2026-04-20T04:40:07Z,italiano,110,110,100.00,4,italiano_classe4,lettura,2,it,1,5,4.55
detail,2026-04-20T04:40:07Z,italiano,110,110,100.00,4,italiano_classe4,ortografia,2,it,1,4,3.64
detail,2026-04-20T04:40:07Z,italiano,110,110,100.00,4,italiano_classe4,scrittura,2,it,1,5,4.55
detail,2026-04-20T04:40:07Z,italiano,110,110,100.00,5,italiano_classe5,grammatica,2,it,1,10,9.09
detail,2026-04-20T04:40:07Z,italiano,110,110,100.00,5,italiano_classe5,lettura,2,it,1,5,4.55
detail,2026-04-20T04:40:07Z,italiano,110,110,100.00,5,italiano_classe5,lingua,2,it,1,5,4.55
detail,2026-04-20T04:40:07Z,italiano,110,110,100.00,5,italiano_classe5,scrittura,2,it,1,5,4.55
subject_summary,2026-04-20T04:40:07Z,matematica,1716,1716,100.00,,,,,,,,
detail,2026-04-20T04:40:07Z,matematica,1716,1716,100.00,2,aritmetica,,,it,1,116,6.76
detail,2026-04-20T04:40:07Z,matematica,1716,1716,100.00,2,geometria,,,it,1,76,4.43
detail,2026-04-20T04:40:07Z,matematica,1716,1716,100.00,2,logica_e_dati,,,it,1,58,3.38
detail,2026-04-20T04:40:07Z,matematica,1716,1716,100.00,2,problemi,,,it,1,100,5.83
detail,2026-04-20T04:40:07Z,matematica,1716,1716,100.00,2,tabelline,,,it,1,60,3.50
detail,2026-04-20T04:40:07Z,matematica,1716,1716,100.00,3,aritmetica,,,it,1,111,6.47
detail,2026-04-20T04:40:07Z,matematica,1716,1716,100.00,3,geometria,,,it,1,76,4.43
detail,2026-04-20T04:40:07Z,matematica,1716,1716,100.00,3,logica_e_dati,,,it,1,77,4.49
detail,2026-04-20T04:40:07Z,matematica,1716,1716,100.00,3,problemi,,,it,1,97,5.65
detail,2026-04-20T04:40:07Z,matematica,1716,1716,100.00,3,tabelline,,,it,1,40,2.33
detail,2026-04-20T04:40:07Z,matematica,1716,1716,100.00,4,aritmetica,,,it,1,122,7.11
detail,2026-04-20T04:40:07Z,matematica,1716,1716,100.00,4,geometria,,,it,1,94,5.48
detail,2026-04-20T04:40:07Z,matematica,1716,1716,100.00,4,logica_e_dati,,,it,1,107,6.24
detail,2026-04-20T04:40:07Z,matematica,1716,1716,100.00,4,problemi,,,it,1,99,5.77
detail,2026-04-20T04:40:07Z,matematica,1716,1716,100.00,4,tabelline,,,it,1,20,1.17
detail,2026-04-20T04:40:07Z,matematica,1716,1716,100.00,5,aritmetica,,,it,1,120,6.99
detail,2026-04-20T04:40:07Z,matematica,1716,1716,100.00,5,geometria,,,it,1,93,5.42
detail,2026-04-20T04:40:07Z,matematica,1716,1716,100.00,5,logica_e_dati,,,it,1,106,6.18
detail,2026-04-20T04:40:07Z,matematica,1716,1716,100.00,5,problemi,,,it,1,100,5.83
detail,2026-04-20T04:40:07Z,matematica,1716,1716,100.00,5,tabelline,,,it,1,44,2.56
subject_summary,2026-04-20T04:40:07Z,problemi,920,920,100.00,,,,,,,,
detail,2026-04-20T04:40:07Z,problemi,920,920,100.00,2,problemi,addizione,1,it,1,88,9.57
detail,2026-04-20T04:40:07Z,problemi,920,920,100.00,2,problemi,divisione,1,it,1,4,0.43
detail,2026-04-20T04:40:07Z,problemi,920,920,100.00,2,problemi,due operazioni,1,it,1,7,0.76
detail,2026-04-20T04:40:07Z,problemi,920,920,100.00,2,problemi,moltiplicazione,1,it,1,63,6.85
detail,2026-04-20T04:40:07Z,problemi,920,920,100.00,2,problemi,multi-step,1,it,1,4,0.43
detail,2026-04-20T04:40:07Z,problemi,920,920,100.00,2,problemi,sottrazione,1,it,1,67,7.28
detail,2026-04-20T04:40:07Z,problemi,920,920,100.00,3,problemi,addizione,2,it,1,27,2.93
detail,2026-04-20T04:40:07Z,problemi,920,920,100.00,3,problemi,divisione,2,it,1,85,9.24
detail,2026-04-20T04:40:07Z,problemi,920,920,100.00,3,problemi,due operazioni,2,it,1,7,0.76
detail,2026-04-20T04:40:07Z,problemi,920,920,100.00,3,problemi,moltiplicazione,2,it,1,80,8.70
detail,2026-04-20T04:40:07Z,problemi,920,920,100.00,3,problemi,multi-step,2,it,1,4,0.43
detail,2026-04-20T04:40:07Z,problemi,920,920,100.00,3,problemi,sottrazione,2,it,1,26,2.83
detail,2026-04-20T04:40:07Z,problemi,920,920,100.00,4,problemi,addizione,3,it,1,7,0.76
detail,2026-04-20T04:40:07Z,problemi,920,920,100.00,4,problemi,divisione,3,it,1,4,0.43
detail,2026-04-20T04:40:07Z,problemi,920,920,100.00,4,problemi,due operazioni,3,it,1,142,15.43
detail,2026-04-20T04:40:07Z,problemi,920,920,100.00,4,problemi,frazioni,3,it,1,61,6.63
detail,2026-04-20T04:40:07Z,problemi,920,920,100.00,4,problemi,moltiplicazione,3,it,1,7,0.76
detail,2026-04-20T04:40:07Z,problemi,920,920,100.00,4,problemi,multi-step,3,it,1,4,0.43
detail,2026-04-20T04:40:07Z,problemi,920,920,100.00,4,problemi,sottrazione,3,it,1,4,0.43
detail,2026-04-20T04:40:07Z,problemi,920,920,100.00,5,problemi,addizione,4,it,1,7,0.76
detail,2026-04-20T04:40:07Z,problemi,920,920,100.00,5,problemi,divisione,4,it,1,4,0.43
detail,2026-04-20T04:40:07Z,problemi,920,920,100.00,5,problemi,due operazioni,4,it,1,7,0.76
detail,2026-04-20T04:40:07Z,problemi,920,920,100.00,5,problemi,geometria applicata,4,it,1,25,2.72
detail,2026-04-20T04:40:07Z,problemi,920,920,100.00,5,problemi,moltiplicazione,4,it,1,7,0.76
detail,2026-04-20T04:40:07Z,problemi,920,920,100.00,5,problemi,multi-step,4,it,1,87,9.46
detail,2026-04-20T04:40:07Z,problemi,920,920,100.00,5,problemi,percentuali,4,it,1,64,6.96
detail,2026-04-20T04:40:07Z,problemi,920,920,100.00,5,problemi,proporzioni,4,it,1,24,2.61
detail,2026-04-20T04:40:07Z,problemi,920,920,100.00,5,problemi,sottrazione,4,it,1,4,0.43
subject_summary,2026-04-20T04:40:07Z,scienze,723,723,100.00,,,,,,,,
detail,2026-04-20T04:40:07Z,scienze,723,723,100.00,2,corpo_umano_salute,alimentazione,2,it,1,4,0.55
detail,2026-04-20T04:40:07Z,scienze,723,723,100.00,2,corpo_umano_salute,corpo_salute,1,it,1,2,0.28
detail,2026-04-20T04:40:07Z,scienze,723,723,100.00,2,corpo_umano_salute,corpo_salute,2,it,1,3,0.41
detail,2026-04-20T04:40:07Z,scienze,723,723,100.00,2,corpo_umano_salute,salute_e_igiene,1,it,1,8,1.11
detail,2026-04-20T04:40:07Z,scienze,723,723,100.00,2,corpo_umano_salute,sensi_e_bisogni,1,it,1,7,0.97
detail,2026-04-20T04:40:07Z,scienze,723,723,100.00,2,corpo_umano_salute,sensi_e_salute,1,it,1,5,0.69
detail,2026-04-20T04:40:07Z,scienze,723,723,100.00,2,corpo_umano_salute,sensi_e_salute,2,it,1,2,0.28
detail,2026-04-20T04:40:07Z,scienze,723,723,100.00,2,materia_materiali_trasformazioni,acqua_e_ciclo,2,it,1,7,0.97
detail,2026-04-20T04:40:07Z,scienze,723,723,100.00,2,materia_materiali_trasformazioni,ciclo_dell_acqua,2,it,1,9,1.24
detail,2026-04-20T04:40:07Z,scienze,723,723,100.00,2,materia_materiali_trasformazioni,materiali_e_acqua,1,it,1,3,0.41
detail,2026-04-20T04:40:07Z,scienze,723,723,100.00,2,materia_materiali_trasformazioni,materiali_e_acqua,2,it,1,1,0.14
detail,2026-04-20T04:40:07Z,scienze,723,723,100.00,2,materia_materiali_trasformazioni,materiali_e_oggetti,1,it,1,5,0.69
detail,2026-04-20T04:40:07Z,scienze,723,723,100.00,2,materia_materiali_trasformazioni,materiali_e_proprieta,1,it,1,10,1.38
detail,2026-04-20T04:40:07Z,scienze,723,723,100.00,2,materia_materiali_trasformazioni,stati_della_materia,1,it,1,7,0.97
detail,2026-04-20T04:40:07Z,scienze,723,723,100.00,2,terra_stagioni_ambiente,ambiente_stagioni,1,it,1,5,0.69
detail,2026-04-20T04:40:07Z,scienze,723,723,100.00,2,terra_stagioni_ambiente,ambiente_stagioni,2,it,1,1,0.14
detail,2026-04-20T04:40:07Z,scienze,723,723,100.00,2,terra_stagioni_ambiente,sostenibilita,2,it,1,9,1.24
detail,2026-04-20T04:40:07Z,scienze,723,723,100.00,2,terra_stagioni_ambiente,stagioni,1,it,1,12,1.66
detail,2026-04-20T04:40:07Z,scienze,723,723,100.00,2,terra_stagioni_ambiente,stagioni_e_ambiente,2,it,1,3,0.41
detail,2026-04-20T04:40:07Z,scienze,723,723,100.00,2,terra_stagioni_ambiente,tempo_atmosferico,1,it,1,8,1.11
detail,2026-04-20T04:40:07Z,scienze,723,723,100.00,2,viventi_non_viventi,animali_habitat,1,it,1,5,0.69
detail,2026-04-20T04:40:07Z,scienze,723,723,100.00,2,viventi_non_viventi,catena_alimentare,2,it,1,3,0.41
detail,2026-04-20T04:40:07Z,scienze,723,723,100.00,2,viventi_non_viventi,causa_effetto,2,it,1,4,0.55
detail,2026-04-20T04:40:07Z,scienze,723,723,100.00,2,viventi_non_viventi,ciclo_vitale,1,it,1,1,0.14
detail,2026-04-20T04:40:07Z,scienze,723,723,100.00,2,viventi_non_viventi,ciclo_vitale,2,it,1,5,0.69
detail,2026-04-20T04:40:07Z,scienze,723,723,100.00,2,viventi_non_viventi,classificazione_base,1,it,1,10,1.38
detail,2026-04-20T04:40:07Z,scienze,723,723,100.00,2,viventi_non_viventi,habitat_adattamento,2,it,1,7,0.97
detail,2026-04-20T04:40:07Z,scienze,723,723,100.00,2,viventi_non_viventi,osservazione_base,1,it,1,8,1.11
detail,2026-04-20T04:40:07Z,scienze,723,723,100.00,2,viventi_non_viventi,osservazione_base,2,it,1,3,0.41
detail,2026-04-20T04:40:07Z,scienze,723,723,100.00,2,viventi_non_viventi,parti_della_pianta,1,it,1,10,1.38
detail,2026-04-20T04:40:07Z,scienze,723,723,100.00,2,viventi_non_viventi,piante_osservazione,1,it,1,5,0.69
detail,2026-04-20T04:40:07Z,scienze,723,723,100.00,2,viventi_non_viventi,riconoscimento_non_viventi,1,it,1,1,0.14
detail,2026-04-20T04:40:07Z,scienze,723,723,100.00,2,viventi_non_viventi,riconoscimento_viventi,1,it,1,1,0.14
detail,2026-04-20T04:40:07Z,scienze,723,723,100.00,3,ecosistemi_ambiente,applicazione,2,it,1,31,4.29
detail,2026-04-20T04:40:07Z,scienze,723,723,100.00,3,ecosistemi_ambiente,base,2,it,1,7,0.97
detail,2026-04-20T04:40:07Z,scienze,723,723,100.00,3,ecosistemi_ambiente,catena_alimentare,1,it,1,4,0.55
detail,2026-04-20T04:40:07Z,scienze,723,723,100.00,3,ecosistemi_ambiente,catena_rete,2,it,1,3,0.41
detail,2026-04-20T04:40:07Z,scienze,723,723,100.00,3,ecosistemi_ambiente,tutela,2,it,1,5,0.69
detail,2026-04-20T04:40:07Z,scienze,723,723,100.00,3,materia_materiali,acqua,2,it,1,4,0.55
detail,2026-04-20T04:40:07Z,scienze,723,723,100.00,3,materia_materiali,applicazione,2,it,1,19,2.63
detail,2026-04-20T04:40:07Z,scienze,723,723,100.00,3,materia_materiali,aria_e_suolo,2,it,1,6,0.83
detail,2026-04-20T04:40:07Z,scienze,723,723,100.00,3,materia_materiali,proprieta,1,it,1,5,0.69
detail,2026-04-20T04:40:07Z,scienze,723,723,100.00,3,materia_materiali,stati,1,it,1,4,0.55
detail,2026-04-20T04:40:07Z,scienze,723,723,100.00,3,materia_materiali,trasformazioni,2,it,1,4,0.55
detail,2026-04-20T04:40:07Z,scienze,723,723,100.00,3,metodo_scientifico,conclusioni,1,it,1,1,0.14
detail,2026-04-20T04:40:07Z,scienze,723,723,100.00,3,metodo_scientifico,esperimento,1,it,1,1,0.14
detail,2026-04-20T04:40:07Z,scienze,723,723,100.00,3,metodo_scientifico,ipotesi,1,it,1,1,0.14
detail,2026-04-20T04:40:07Z,scienze,723,723,100.00,3,metodo_scientifico,lessico,1,it,1,10,1.38
detail,2026-04-20T04:40:07Z,scienze,723,723,100.00,3,metodo_scientifico,osservazione,1,it,1,1,0.14
detail,2026-04-20T04:40:07Z,scienze,723,723,100.00,3,metodo_scientifico,osservazione_dati,2,it,1,5,0.69
detail,2026-04-20T04:40:07Z,scienze,723,723,100.00,3,metodo_scientifico,pratica,2,it,1,19,2.63
detail,2026-04-20T04:40:07Z,scienze,723,723,100.00,3,metodo_scientifico,sequenza,2,it,1,1,0.14
detail,2026-04-20T04:40:07Z,scienze,723,723,100.00,3,metodo_scientifico,strumenti,1,it,1,1,0.14
detail,2026-04-20T04:40:07Z,scienze,723,723,100.00,3,viventi_biologia,animali,2,it,1,7,0.97
detail,2026-04-20T04:40:07Z,scienze,723,723,100.00,3,viventi_biologia,ciclo_vitale,2,it,1,3,0.41
detail,2026-04-20T04:40:07Z,scienze,723,723,100.00,3,viventi_biologia,habitat,1,it,1,8,1.11
detail,2026-04-20T04:40:07Z,scienze,723,723,100.00,3,viventi_biologia,nutrizione,2,it,1,3,0.41
detail,2026-04-20T04:40:07Z,scienze,723,723,100.00,3,viventi_biologia,piante,2,it,1,6,0.83
detail,2026-04-20T04:40:07Z,scienze,723,723,100.00,3,viventi_biologia,riconoscimento,2,it,1,16,2.21
detail,2026-04-20T04:40:07Z,scienze,723,723,100.00,3,viventi_biologia,vertebrati_invertebrati,1,it,1,2,0.28
detail,2026-04-20T04:40:07Z,scienze,723,723,100.00,4,aria_acqua_suolo_materia,acqua,2,it,1,1,0.14
detail,2026-04-20T04:40:07Z,scienze,723,723,100.00,4,aria_acqua_suolo_materia,applicazione,2,it,1,31,4.29
detail,2026-04-20T04:40:07Z,scienze,723,723,100.00,4,aria_acqua_suolo_materia,aria,2,it,1,7,0.97
detail,2026-04-20T04:40:07Z,scienze,723,723,100.00,4,aria_acqua_suolo_materia,passaggi_di_stato,2,it,1,4,0.55
detail,2026-04-20T04:40:07Z,scienze,723,723,100.00,4,aria_acqua_suolo_materia,suolo,2,it,1,5,0.69
detail,2026-04-20T04:40:07Z,scienze,723,723,100.00,4,aria_acqua_suolo_materia,trasformazioni,2,it,1,1,0.14
detail,2026-04-20T04:40:07Z,scienze,723,723,100.00,4,scienza_tecnologia,applicazione,2,it,1,39,5.39
detail,2026-04-20T04:40:07Z,scienze,723,723,100.00,4,scienza_tecnologia,dati_ambiente,2,it,1,3,0.41
detail,2026-04-20T04:40:07Z,scienze,723,723,100.00,4,scienza_tecnologia,metodo_strumenti,2,it,1,5,0.69
detail,2026-04-20T04:40:07Z,scienze,723,723,100.00,4,scienza_tecnologia,misurazioni,2,it,1,2,0.28
detail,2026-04-20T04:40:07Z,scienze,723,723,100.00,4,viventi_ambiente,biodiversita,2,it,1,35,4.84
detail,2026-04-20T04:40:07Z,scienze,723,723,100.00,4,viventi_ambiente,botanica,2,it,1,7,0.97
detail,2026-04-20T04:40:07Z,scienze,723,723,100.00,4,viventi_ambiente,catene_reti,2,it,1,4,0.55
detail,2026-04-20T04:40:07Z,scienze,723,723,100.00,4,viventi_ambiente,ecosistemi,2,it,1,7,0.97
detail,2026-04-20T04:40:07Z,scienze,723,723,100.00,4,viventi_ambiente,educazione_ambientale,2,it,1,4,0.55
detail,2026-04-20T04:40:07Z,scienze,723,723,100.00,4,viventi_ambiente,funzioni_vitali,2,it,1,14,1.94
detail,2026-04-20T04:40:07Z,scienze,723,723,100.00,4,viventi_ambiente,zoologia,2,it,1,7,0.97
detail,2026-04-20T04:40:07Z,scienze,723,723,100.00,5,astronomia_terra,luna,2,it,1,4,0.55
detail,2026-04-20T04:40:07Z,scienze,723,723,100.00,5,astronomia_terra,movimenti_terra,2,it,1,21,2.90
detail,2026-04-20T04:40:07Z,scienze,723,723,100.00,5,astronomia_terra,pianeti,1,it,1,1,0.14
detail,2026-04-20T04:40:07Z,scienze,723,723,100.00,5,astronomia_terra,sistema_solare,2,it,1,10,1.38
detail,2026-04-20T04:40:07Z,scienze,723,723,100.00,5,corpo_umano_salute,apparati_e_sistemi,2,it,1,20,2.77
detail,2026-04-20T04:40:07Z,scienze,723,723,100.00,5,corpo_umano_salute,educazione_salute,2,it,1,35,4.84
detail,2026-04-20T04:40:07Z,scienze,723,723,100.00,5,corpo_umano_salute,organi_apparati,2,it,1,10,1.38
detail,2026-04-20T04:40:07Z,scienze,723,723,100.00,5,corpo_umano_salute,organi_di_senso,1,it,1,5,0.69
detail,2026-04-20T04:40:07Z,scienze,723,723,100.00,5,corpo_umano_salute,salute_e_funzionamento,2,it,1,10,1.38
detail,2026-04-20T04:40:07Z,scienze,723,723,100.00,5,forze_luce_suono,applicazione,2,it,1,21,2.90
detail,2026-04-20T04:40:07Z,scienze,723,723,100.00,5,forze_luce_suono,fenomeni_fisici,2,it,1,10,1.38
detail,2026-04-20T04:40:07Z,scienze,723,723,100.00,5,forze_luce_suono,forze,2,it,1,4,0.55
detail,2026-04-20T04:40:07Z,scienze,723,723,100.00,5,forze_luce_suono,luce_e_suono,2,it,1,5,0.69
detail,2026-04-20T04:40:07Z,scienze,723,723,100.00,5,materia_energia_fenomeni,energia,2,it,1,10,1.38
detail,2026-04-20T04:40:07Z,scienze,723,723,100.00,5,materia_energia_fenomeni,materia_e_calore,2,it,1,5,0.69
detail,2026-04-20T04:40:07Z,scienze,723,723,100.00,5,materia_energia_fenomeni,sostenibilita_energetica,2,it,1,25,3.46
subject_summary,2026-04-20T04:40:07Z,storia,771,771,100.00,,,,,,,,
detail,2026-04-20T04:40:07Z,storia,771,771,100.00,2,fonti_storiche,confronto_fonti,2,it,1,10,1.30
detail,2026-04-20T04:40:07Z,storia,771,771,100.00,2,fonti_storiche,ricerca_personale,2,it,1,10,1.30
detail,2026-04-20T04:40:07Z,storia,771,771,100.00,2,fonti_storiche,tipi_di_fonti,1,it,1,10,1.30
detail,2026-04-20T04:40:07Z,storia,771,771,100.00,2,fonti_storiche,uso_delle_fonti,2,it,1,10,1.30
detail,2026-04-20T04:40:07Z,storia,771,771,100.00,2,linea_del_tempo,lettura_linea_tempo,2,it,1,12,1.56
detail,2026-04-20T04:40:07Z,storia,771,771,100.00,2,linea_del_tempo,ordine_cronologico,1,it,1,24,3.11
detail,2026-04-20T04:40:07Z,storia,771,771,100.00,2,storia_personale_familiare,cambiamenti_e_cause,2,it,1,9,1.17
detail,2026-04-20T04:40:07Z,storia,771,771,100.00,2,storia_personale_familiare,cambiamenti_nel_tempo,1,it,1,10,1.30
detail,2026-04-20T04:40:07Z,storia,771,771,100.00,2,storia_personale_familiare,linea_tempo_personale,2,it,1,10,1.30
detail,2026-04-20T04:40:07Z,storia,771,771,100.00,2,storia_personale_familiare,oggetti_vecchi_nuovi,2,it,1,10,1.30
detail,2026-04-20T04:40:07Z,storia,771,771,100.00,2,successione_contemporaneita,causa_effetto,2,it,1,4,0.52
detail,2026-04-20T04:40:07Z,storia,771,771,100.00,2,successione_contemporaneita,contemporaneita,2,it,1,4,0.52
detail,2026-04-20T04:40:07Z,storia,771,771,100.00,2,successione_contemporaneita,lessico_e_contemporaneita,2,it,1,8,1.04
detail,2026-04-20T04:40:07Z,storia,771,771,100.00,2,successione_contemporaneita,ordine_di_eventi,1,it,1,20,2.59
detail,2026-04-20T04:40:07Z,storia,771,771,100.00,2,successione_contemporaneita,prima_dopo,2,it,1,4,0.52
detail,2026-04-20T04:40:07Z,storia,771,771,100.00,2,tempo_strumenti,giorni_settimana,1,it,1,15,1.95
detail,2026-04-20T04:40:07Z,storia,771,771,100.00,2,tempo_strumenti,mesi_anno,1,it,1,12,1.56
detail,2026-04-20T04:40:07Z,storia,771,771,100.00,2,tempo_strumenti,parti_giornata,1,it,1,4,0.52
detail,2026-04-20T04:40:07Z,storia,771,771,100.00,2,tempo_strumenti,stagioni,1,it,1,6,0.78
detail,2026-04-20T04:40:07Z,storia,771,771,100.00,2,tempo_strumenti,strumenti_del_tempo,2,it,1,4,0.52
detail,2026-04-20T04:40:07Z,storia,771,771,100.00,3,metodo_storico_fonti,confronto_fonti,2,it,1,10,1.30
detail,2026-04-20T04:40:07Z,storia,771,771,100.00,3,metodo_storico_fonti,metodo_e_ricerca,2,it,1,10,1.30
detail,2026-04-20T04:40:07Z,storia,771,771,100.00,3,metodo_storico_fonti,ruoli_e_fonti,1,it,1,10,1.30
detail,2026-04-20T04:40:07Z,storia,771,771,100.00,3,metodo_storico_fonti,tempo_storico,2,it,1,10,1.30
detail,2026-04-20T04:40:07Z,storia,771,771,100.00,3,origine_terra_vita,big_bang_ere_geologiche,1,it,1,10,1.30
detail,2026-04-20T04:40:07Z,storia,771,771,100.00,3,origine_terra_vita,fossili_e_dinosauri,2,it,1,10,1.30
detail,2026-04-20T04:40:07Z,storia,771,771,100.00,3,origine_terra_vita,origine_e_miti,2,it,1,10,1.30
detail,2026-04-20T04:40:07Z,storia,771,771,100.00,3,origine_terra_vita,vita_nel_tempo,2,it,1,10,1.30
detail,2026-04-20T04:40:07Z,storia,771,771,100.00,3,preistoria_neolitico_metalli,agricoltura_e_sedentarieta,1,it,1,10,1.30
detail,2026-04-20T04:40:07Z,storia,771,771,100.00,3,preistoria_neolitico_metalli,confronti,2,it,1,10,1.30
detail,2026-04-20T04:40:07Z,storia,771,771,100.00,3,preistoria_neolitico_metalli,eta_dei_metalli,2,it,1,10,1.30
detail,2026-04-20T04:40:07Z,storia,771,771,100.00,3,preistoria_neolitico_metalli,villaggi_e_lavori,2,it,1,10,1.30
detail,2026-04-20T04:40:07Z,storia,771,771,100.00,3,preistoria_paleolitico,caccia_raccolta,2,it,1,10,1.30
detail,2026-04-20T04:40:07Z,storia,771,771,100.00,3,preistoria_paleolitico,fuoco_e_strumenti,2,it,1,10,1.30
detail,2026-04-20T04:40:07Z,storia,771,771,100.00,3,preistoria_paleolitico,vita_nomade,1,it,1,10,1.30
detail,2026-04-20T04:40:07Z,storia,771,771,100.00,3,preistoria_paleolitico,vita_quotidiana,2,it,1,10,1.30
detail,2026-04-20T04:40:07Z,storia,771,771,100.00,3,tempo_periodizzazione,concetti_temporali,2,it,1,15,1.95
detail,2026-04-20T04:40:07Z,storia,771,771,100.00,3,tempo_periodizzazione,linea_tempo_e_periodi,1,it,1,8,1.04
detail,2026-04-20T04:40:07Z,storia,771,771,100.00,3,tempo_periodizzazione,sequenze,2,it,1,15,1.95
detail,2026-04-20T04:40:07Z,storia,771,771,100.00,4,altre_civilta_ebrei,civilta_fluviali_confronti,2,it,1,10,1.30
detail,2026-04-20T04:40:07Z,storia,771,771,100.00,4,altre_civilta_ebrei,indo_cina_ebrei,1,it,1,10,1.30
detail,2026-04-20T04:40:07Z,storia,771,771,100.00,4,altre_civilta_ebrei,religione_e_societa,2,it,1,10,1.30
detail,2026-04-20T04:40:07Z,storia,771,771,100.00,4,altre_civilta_ebrei,sintesi_e_confronti,2,it,1,10,1.30
detail,2026-04-20T04:40:07Z,storia,771,771,100.00,4,civilta_mediterranee,confronti,2,it,1,10,1.30
detail,2026-04-20T04:40:07Z,storia,771,771,100.00,4,civilta_mediterranee,cretesi_micenei_fenici,1,it,1,10,1.30
detail,2026-04-20T04:40:07Z,storia,771,771,100.00,4,civilta_mediterranee,sintesi,2,it,1,8,1.04
detail,2026-04-20T04:40:07Z,storia,771,771,100.00,4,civilta_mediterranee,vita_e_commerci,2,it,1,10,1.30
detail,2026-04-20T04:40:07Z,storia,771,771,100.00,4,egizi,nilo_e_societa,1,it,1,10,1.30
detail,2026-04-20T04:40:07Z,storia,771,771,100.00,4,egizi,quadro_di_civilta,2,it,1,8,1.04
detail,2026-04-20T04:40:07Z,storia,771,771,100.00,4,egizi,religione_e_cultura,2,it,1,10,1.30
detail,2026-04-20T04:40:07Z,storia,771,771,100.00,4,egizi,vita_quotidiana,2,it,1,10,1.30
detail,2026-04-20T04:40:07Z,storia,771,771,100.00,4,fonti_linea_antiche_civilta,fonti_e_cronologia,1,it,1,10,1.30
detail,2026-04-20T04:40:07Z,storia,771,771,100.00,4,fonti_linea_antiche_civilta,fonti_e_mappe,2,it,1,10,1.30
detail,2026-04-20T04:40:07Z,storia,771,771,100.00,4,fonti_linea_antiche_civilta,quadro_di_civilta,2,it,1,10,1.30
detail,2026-04-20T04:40:07Z,storia,771,771,100.00,4,fonti_linea_antiche_civilta,strumenti_dello_storico,2,it,1,10,1.30
detail,2026-04-20T04:40:07Z,storia,771,771,100.00,4,mesopotamia,babilonesi_assiri,2,it,1,10,1.30
detail,2026-04-20T04:40:07Z,storia,771,771,100.00,4,mesopotamia,quadro_di_civilta,2,it,1,10,1.30
detail,2026-04-20T04:40:07Z,storia,771,771,100.00,4,mesopotamia,sumeri,1,it,1,10,1.30
detail,2026-04-20T04:40:07Z,storia,771,771,100.00,4,mesopotamia,vita_e_lavoro,2,it,1,10,1.30
detail,2026-04-20T04:40:07Z,storia,771,771,100.00,5,civilta_greca,confronti_e_lessico,2,it,1,5,0.65
detail,2026-04-20T04:40:07Z,storia,771,771,100.00,5,civilta_greca,guerre_persiane_ellenismo,2,it,1,10,1.30
detail,2026-04-20T04:40:07Z,storia,771,771,100.00,5,civilta_greca,polis_e_cultura,1,it,1,10,1.30
detail,2026-04-20T04:40:07Z,storia,771,771,100.00,5,civilta_greca,societa_e_polis,2,it,1,10,1.30
detail,2026-04-20T04:40:07Z,storia,771,771,100.00,5,civilta_greca,vita_e_eredita,2,it,1,10,1.30
detail,2026-04-20T04:40:07Z,storia,771,771,100.00,5,italia_antica_etruschi,confronti_e_sintesi,2,it,1,8,1.04
detail,2026-04-20T04:40:07Z,storia,771,771,100.00,5,italia_antica_etruschi,etruschi,1,it,1,10,1.30
detail,2026-04-20T04:40:07Z,storia,771,771,100.00,5,italia_antica_etruschi,societa_e_cultura,2,it,1,10,1.30
detail,2026-04-20T04:40:07Z,storia,771,771,100.00,5,roma_impero_cristianesimo_fine,crisi_e_caduta,2,it,1,10,1.30
detail,2026-04-20T04:40:07Z,storia,771,771,100.00,5,roma_impero_cristianesimo_fine,impero_e_vita_quotidiana,1,it,1,10,1.30
detail,2026-04-20T04:40:07Z,storia,771,771,100.00,5,roma_impero_cristianesimo_fine,nascita_del_cristianesimo,2,it,1,10,1.30
detail,2026-04-20T04:40:07Z,storia,771,771,100.00,5,roma_impero_cristianesimo_fine,societa_e_amministrazione,2,it,1,10,1.30
detail,2026-04-20T04:40:07Z,storia,771,771,100.00,5,roma_monarchia,istituzioni_monarchiche,2,it,1,10,1.30
detail,2026-04-20T04:40:07Z,storia,771,771,100.00,5,roma_monarchia,origini_e_mito,1,it,1,10,1.30
detail,2026-04-20T04:40:07Z,storia,771,771,100.00,5,roma_monarchia,passaggio_alla_repubblica,2,it,1,7,0.91
detail,2026-04-20T04:40:07Z,storia,771,771,100.00,5,roma_repubblica,approfondimenti,3,it,1,5,0.65
detail,2026-04-20T04:40:07Z,storia,771,771,100.00,5,roma_repubblica,crisi_della_repubblica,2,it,1,10,1.30
detail,2026-04-20T04:40:07Z,storia,771,771,100.00,5,roma_repubblica,istituzioni_e_conquiste,1,it,1,10,1.30
detail,2026-04-20T04:40:07Z,storia,771,771,100.00,5,roma_repubblica,sintesi_e_confronti,2,it,1,6,0.78
detail,2026-04-20T04:40:07Z,storia,771,771,100.00,5,roma_repubblica,societa_e_espansione,2,it,1,10,1.30
